{"categories": [{"id": 1, "name": "BoxA"}, {"id": 2, "name": "BoxB"}, {"id": 3, "name": "BoxC"}, {"id": 4, "name": "BoxD"}, {"id": 5, "name": "BoxF"}, {"id": 6, "name": "BoxH"}, {"id": 7, "name": "RackA"}], "annotations": [{"id": 1, "iscrowd": 0, "segmentation": "./masks/BoxA/0.png", "model": "./models/BoxA/model.obj", "category_id": 1, "K": [2666.6666666666665, 960.0, 540.0], "bbox": [576.0, 679.0, 386.0, 292.0], "trans_mat": [0.0, 0.0, 0.0], "area": 110153, "image_id": 1, "rot_mat": [[-1.0, 0.0, 8.742277657347586e-08], [0.0, -1.0, 0.0], [8.742277657347586e-08, 0.0, 1.0]], "voxel": "./models/BoxA/model.mat"}, {"id": 2, "iscrowd": 0, "segmentation": "./masks/BoxA/1.png", "model": "./models/BoxA/model.obj", "category_id": 1, "K": [2666.6666666666665, 960.0, 540.0], "bbox": [606.0, 303.0, 354.0, 217.0], "trans_mat": [0.0, 0.0, 0.0], "area": 73660, "image_id": 2, "rot_mat": [[-1.0, 0.0, 8.742277657347586e-08], [0.0, -1.0, 0.0], [8.742277657347586e-08, 0.0, 1.0]], "voxel": "./models/BoxA/model.mat"}, {"id": 3, "iscrowd": 0, "segmentation": "./masks/BoxB/0.png", "model": "./models/BoxB/model.obj", "category_id": 2, "K": [2666.6666666666665, 960.0, 540.0], "bbox": [651.0, 560.0, 309.0, 411.0], "trans_mat": [0.0, 0.0, 0.0], "area": 126782, "image_id": 3, "rot_mat": [[-1.0, 0.0, 8.742277657347586e-08], [0.0, -1.0, 0.0], [8.742277657347586e-08, 0.0, 1.0]], "voxel": "./models/BoxB/model.mat"}, {"id": 4, "iscrowd": 0, "segmentation": "./masks/BoxB/1.png", "model": "./models/BoxB/model.obj", "category_id": 2, "K": [2666.6666666666665, 960.0, 540.0], "bbox": [679.0, 196.0, 280.0, 323.0], "trans_mat": [0.0, 0.0, 0.0], "area": 87851, "image_id": 4, "rot_mat": [[-1.0, 0.0, 8.742277657347586e-08], [0.0, -1.0, 0.0], [8.742277657347586e-08, 0.0, 1.0]], "voxel": "./models/BoxB/model.mat"}, {"id": 5, "iscrowd": 0, "segmentation": "./masks/BoxC/0.png", "model": "./models/BoxC/model.obj", "category_id": 3, "K": [2666.6666666666665, 960.0, 540.0], "bbox": [553.0, 409.0, 407.0, 562.0], "trans_mat": [0.0, 0.0, 0.0], "area": 228606, "image_id": 5, "rot_mat": [[-1.0, 0.0, 8.742277657347586e-08], [0.0, -1.0, 0.0], [8.742277657347586e-08, 0.0, 1.0]], "voxel": "./models/BoxC/model.mat"}, {"id": 6, "iscrowd": 0, "segmentation": "./masks/BoxC/1.png", "model": "./models/BoxC/model.obj", "category_id": 3, "K": [2666.6666666666665, 960.0, 540.0], "bbox": [607.0, 70.0, 352.0, 450.0], "trans_mat": [0.0, 0.0, 0.0], "area": 153534, "image_id": 6, "rot_mat": [[-1.0, 0.0, 8.742277657347586e-08], [0.0, -1.0, 0.0], [8.742277657347586e-08, 0.0, 1.0]], "voxel": "./models/BoxC/model.mat"}, {"id": 7, "iscrowd": 0, "segmentation": "./masks/BoxD/0.png", "model": "./models/BoxD/model.obj", "category_id": 4, "K": [2666.6666666666665, 960.0, 540.0], "bbox": [560.0, 633.0, 400.0, 338.0], "trans_mat": [0.0, 0.0, 0.0], "area": 134953, "image_id": 7, "rot_mat": [[-1.0, 0.0, 8.742277657347586e-08], [0.0, -1.0, 0.0], [8.742277657347586e-08, 0.0, 1.0]], "voxel": "./models/BoxD/model.mat"}, {"id": 8, "iscrowd": 0, "segmentation": "./masks/BoxD/1.png", "model": "./models/BoxD/model.obj", "category_id": 4, "K": [2666.6666666666665, 960.0, 540.0], "bbox": [608.0, 256.0, 352.0, 264.0], "trans_mat": [0.0, 0.0, 0.0], "area": 89984, "image_id": 8, "rot_mat": [[-1.0, 0.0, 8.742277657347586e-08], [0.0, -1.0, 0.0], [8.742277657347586e-08, 0.0, 1.0]], "voxel": "./models/BoxD/model.mat"}, {"id": 9, "iscrowd": 0, "segmentation": "./masks/BoxF/0.png", "model": "./models/BoxF/model.obj", "category_id": 5, "K": [2666.6666666666665, 960.0, 540.0], "bbox": [584.0, 635.0, 376.0, 336.0], "trans_mat": [0.0, 0.0, 0.0], "area": 126075, "image_id": 9, "rot_mat": [[-1.0, 0.0, 8.742277657347586e-08], [0.0, -1.0, 0.0], [8.742277657347586e-08, 0.0, 1.0]], "voxel": "./models/BoxF/model.mat"}, {"id": 10, "iscrowd": 0, "segmentation": "./masks/BoxF/1.png", "model": "./models/BoxF/model.obj", "category_id": 5, "K": [2666.6666666666665, 960.0, 540.0], "bbox": [611.0, 259.0, 349.0, 261.0], "trans_mat": [0.0, 0.0, 0.0], "area": 88150, "image_id": 10, "rot_mat": [[-1.0, 0.0, 8.742277657347586e-08], [0.0, -1.0, 0.0], [8.742277657347586e-08, 0.0, 1.0]], "voxel": "./models/BoxF/model.mat"}, {"id": 11, "iscrowd": 0, "segmentation": "./masks/BoxH/0.png", "model": "./models/BoxH/model.obj", "category_id": 6, "K": [2666.6666666666665, 960.0, 540.0], "bbox": [767.0, 801.0, 193.0, 164.0], "trans_mat": [0.0, 0.0, 0.0], "area": 31060, "image_id": 11, "rot_mat": [[-1.0, 0.0, 8.742277657347586e-08], [0.0, -1.0, 0.0], [8.742277657347586e-08, 0.0, 1.0]], "voxel": "./models/BoxH/model.mat"}, {"id": 12, "iscrowd": 0, "segmentation": "./masks/BoxH/1.png", "model": "./models/BoxH/model.obj", "category_id": 6, "K": [2666.6666666666665, 960.0, 540.0], "bbox": [783.0, 397.0, 174.0, 122.0], "trans_mat": [0.0, 0.0, 0.0], "area": 20044, "image_id": 12, "rot_mat": [[-1.0, 0.0, 8.742277657347586e-08], [0.0, -1.0, 0.0], [8.742277657347586e-08, 0.0, 1.0]], "voxel": "./models/BoxH/model.mat"}, {"id": 13, "iscrowd": 0, "segmentation": "./masks/RackA/0.png", "model": "./models/RackA/model.obj", "category_id": 7, "K": [2666.6666666666665, 960.0, 540.0], "bbox": [648.0, 0.0, 625.0, 1080.0], "trans_mat": [0.0, 0.0, 0.0], "area": 674985, "image_id": 13, "rot_mat": [[-1.0, 0.0, 8.742277657347586e-08], [0.0, -1.0, 0.0], [8.742277657347586e-08, 0.0, 1.0]], "voxel": "./models/RackA/model.mat"}, {"id": 14, "iscrowd": 0, "segmentation": "./masks/RackA/1.png", "model": "./models/RackA/model.obj", "category_id": 7, "K": [2666.6666666666665, 960.0, 540.0], "bbox": [315.0, 0.0, 240.0, 1080.0], "trans_mat": [0.0, 0.0, 0.0], "area": 221106, "image_id": 14, "rot_mat": [[-1.0, 0.0, 8.742277657347586e-08], [0.0, -1.0, 0.0], [8.742277657347586e-08, 0.0, 1.0]], "voxel": "./models/RackA/model.mat"}], "licenses": "", "images": [{"height": 1080, "width": 1920, "id": 1, "file_name": "./Images/BoxA/0.png"}, {"height": 1080, "width": 1920, "id": 2, "file_name": "./Images/BoxA/1.png"}, {"height": 1080, "width": 1920, "id": 3, "file_name": "./Images/BoxB/0.png"}, {"height": 1080, "width": 1920, "id": 4, "file_name": "./Images/BoxB/1.png"}, {"height": 1080, "width": 1920, "id": 5, "file_name": "./Images/BoxC/0.png"}, {"height": 1080, "width": 1920, "id": 6, "file_name": "./Images/BoxC/1.png"}, {"height": 1080, "width": 1920, "id": 7, "file_name": "./Images/BoxD/0.png"}, {"height": 1080, "width": 1920, "id": 8, "file_name": "./Images/BoxD/1.png"}, {"height": 1080, "width": 1920, "id": 9, "file_name": "./Images/BoxF/0.png"}, {"height": 1080, "width": 1920, "id": 10, "file_name": "./Images/BoxF/1.png"}, {"height": 1080, "width": 1920, "id": 11, "file_name": "./Images/BoxH/0.png"}, {"height": 1080, "width": 1920, "id": 12, "file_name": "./Images/BoxH/1.png"}, {"height": 1080, "width": 1920, "id": 13, "file_name": "./Images/RackA/0.png"}, {"height": 1080, "width": 1920, "id": 14, "file_name": "./Images/RackA/1.png"}], "info": {"url": "", "contributer": "", "year": "2020", "description": ""}}